,Functional,Multiplicity,Starting Geometry,Geometry (â„«)
0,M06-2X,1,\textbf{A},"[[ 0.000000e+00 -2.150100e-02 -1.100000e-05]
 [-1.929227e+00 -3.119710e-01  3.100000e-05]
 [ 0.000000e+00 -1.921261e+00 -1.200000e-05]
 [ 1.929227e+00 -3.119710e-01 -4.100000e-05]
 [ 0.000000e+00  1.984924e+00 -5.100000e-05]
 [ 0.000000e+00  3.072642e+00 -6.700000e-05]
 [-2.285253e+00 -1.626770e+00  1.700000e-05]
 [-1.202040e+00 -2.548821e+00  6.000000e-06]
 [ 1.202040e+00 -2.548821e+00 -2.200000e-05]
 [ 2.285253e+00 -1.626770e+00 -1.300000e-05]
 [-2.940191e+00  6.807570e-01  2.630000e-04]
 [-3.412406e+00  1.185992e+00 -1.217201e+00]
 [-4.367327e+00  2.197198e+00 -1.198817e+00]
 [-4.737918e+00  2.590735e+00 -2.137947e+00]
 [-4.845846e+00  2.701404e+00  7.640000e-04]
 [-5.589316e+00  3.487828e+00  9.610000e-04]
 [-4.367336e+00  2.196591e+00  1.200093e+00]
 [-3.412408e+00  1.185383e+00  1.217975e+00]
 [ 2.940191e+00  6.807570e-01 -2.650000e-04]
 [ 3.412436e+00  1.185380e+00 -1.217970e+00]
 [ 4.367362e+00  2.196589e+00 -1.200067e+00]
 [ 4.845846e+00  2.701404e+00 -7.280000e-04]
 [ 5.589316e+00  3.487828e+00 -9.090000e-04]
 [ 4.367300e+00  2.197199e+00  1.198843e+00]
 [ 4.737877e+00  2.590730e+00  2.137982e+00]
 [ 3.412378e+00  1.185995e+00  1.217206e+00]
 [ 4.737983e+00  2.589650e+00 -2.139385e+00]
 [-4.737942e+00  2.589646e+00  2.139419e+00]
 [-2.876347e+00  6.423720e-01 -2.511465e+00]
 [-3.379813e+00  1.098412e+00 -3.362425e+00]
 [-1.803853e+00  8.355500e-01 -2.602852e+00]
 [-2.998785e+00 -4.406580e-01 -2.571257e+00]
 [-2.876346e+00  6.411260e-01  2.511971e+00]
 [-2.998696e+00 -4.419430e-01  2.571211e+00]
 [-1.803868e+00  8.343490e-01  2.603474e+00]
 [-3.379861e+00  1.096694e+00  3.363154e+00]
 [ 2.876377e+00  6.411510e-01 -2.511978e+00]
 [ 1.803900e+00  8.343760e-01 -2.603478e+00]
 [ 3.379895e+00  1.096738e+00 -3.363150e+00]
 [ 2.998726e+00 -4.419160e-01 -2.571245e+00]
 [ 2.876316e+00  6.423470e-01  2.511458e+00]
 [ 3.379779e+00  1.098368e+00  3.362429e+00]
 [ 1.803821e+00  8.355230e-01  2.602848e+00]
 [ 2.998754e+00 -4.406850e-01  2.571223e+00]
 [-3.719886e+00 -2.041761e+00  1.220000e-04]
 [-3.814442e+00 -3.124635e+00 -9.660000e-04]
 [-4.245564e+00 -1.652056e+00  8.767940e-01]
 [-4.246164e+00 -1.650214e+00 -8.753500e-01]
 [ 3.719886e+00 -2.041761e+00 -3.600000e-05]
 [ 4.246111e+00 -1.650205e+00  8.754650e-01]
 [ 3.814442e+00 -3.124635e+00  1.068000e-03]
 [ 4.245618e+00 -1.652064e+00 -8.766780e-01]
 [-1.217938e+00 -3.961083e+00  3.800000e-05]
 [ 1.217938e+00 -3.961083e+00 -4.500000e-05]
 [-2.147334e+00 -4.509821e+00  1.180000e-04]
 [ 2.147334e+00 -4.509821e+00 -1.160000e-04]
 [-0.000000e+00 -4.628663e+00 -4.000000e-06]
 [-0.000000e+00 -5.711938e+00  1.000000e-06]]"
1,M06-2X,3,\textbf{A},"[[ 0.000000e+00  8.135600e-02 -5.000000e-06]
 [-2.007153e+00 -3.301400e-01  1.000000e-04]
 [ 0.000000e+00 -1.842376e+00 -5.000000e-06]
 [ 2.007153e+00 -3.301400e-01 -1.050000e-04]
 [-0.000000e+00  1.980372e+00 -5.000000e-06]
 [-0.000000e+00  3.077089e+00 -1.100000e-05]
 [-2.319528e+00 -1.601767e+00 -4.600000e-05]
 [-1.188276e+00 -2.507710e+00 -5.700000e-05]
 [ 1.188276e+00 -2.507710e+00  4.500000e-05]
 [ 2.319528e+00 -1.601767e+00  3.400000e-05]
 [-3.033879e+00  6.474920e-01  3.370000e-04]
 [-3.499826e+00  1.147996e+00 -1.219000e+00]
 [-4.467126e+00  2.146710e+00 -1.198969e+00]
 [-4.835195e+00  2.541979e+00 -2.138301e+00]
 [-4.954587e+00  2.642068e+00  8.010000e-04]
 [-5.705550e+00  3.421177e+00  9.850000e-04]
 [-4.467210e+00  2.146065e+00  1.200338e+00]
 [-3.499915e+00  1.147335e+00  1.219912e+00]
 [ 3.033879e+00  6.474920e-01 -3.270000e-04]
 [ 3.499937e+00  1.147324e+00 -1.219896e+00]
 [ 4.467233e+00  2.146053e+00 -1.200313e+00]
 [ 4.954587e+00  2.642069e+00 -7.720000e-04]
 [ 5.705550e+00  3.421177e+00 -9.490000e-04]
 [ 4.467103e+00  2.146722e+00  1.198994e+00]
 [ 4.835151e+00  2.542003e+00  2.138329e+00]
 [ 3.499803e+00  1.148007e+00  1.219016e+00]
 [ 4.835380e+00  2.540819e+00 -2.139826e+00]
 [-4.835336e+00  2.540842e+00  2.139854e+00]
 [-2.937675e+00  6.199010e-01 -2.508051e+00]
 [-3.363268e+00  1.145706e+00 -3.361125e+00]
 [-1.850814e+00  7.365170e-01 -2.529427e+00]
 [-3.136307e+00 -4.475840e-01 -2.627301e+00]
 [-2.937774e+00  6.186700e-01  2.508735e+00]
 [-3.136216e+00 -4.489050e-01  2.627449e+00]
 [-1.850939e+00  7.354800e-01  2.530245e+00]
 [-3.363526e+00  1.143970e+00  3.362042e+00]
 [ 2.937831e+00  6.186350e-01 -2.508724e+00]
 [ 1.850996e+00  7.354390e-01 -2.530262e+00]
 [ 3.363601e+00  1.143923e+00 -3.362029e+00]
 [ 3.136280e+00 -4.489410e-01 -2.627415e+00]
 [ 2.937619e+00  6.199360e-01  2.508061e+00]
 [ 3.363192e+00  1.145754e+00  3.361137e+00]
 [ 1.850757e+00  7.365560e-01  2.529409e+00]
 [ 3.136243e+00 -4.475470e-01  2.627337e+00]
 [-3.740954e+00 -2.076615e+00 -1.200000e-05]
 [-3.806186e+00 -3.160583e+00 -1.937000e-03]
 [-4.270236e+00 -1.696996e+00  8.769160e-01]
 [-4.271330e+00 -1.693766e+00 -8.748490e-01]
 [ 3.740955e+00 -2.076615e+00 -1.800000e-05]
 [ 4.271335e+00 -1.693788e+00  8.748250e-01]
 [ 3.806186e+00 -3.160583e+00  1.878000e-03]
 [ 4.270232e+00 -1.696973e+00 -8.769400e-01]
 [-1.208441e+00 -3.892648e+00 -7.500000e-05]
 [ 1.208441e+00 -3.892648e+00  5.300000e-05]
 [-2.144054e+00 -4.433920e+00 -9.600000e-05]
 [ 2.144054e+00 -4.433920e+00  7.000000e-05]
 [ 0.000000e+00 -4.590833e+00 -1.300000e-05]
 [ 0.000000e+00 -5.671707e+00 -1.700000e-05]]"
2,M06-2X,3,\textbf{C},"[[-1.519100e-02 -6.215600e-02 -1.503760e-01]
 [ 1.970629e+00  3.217370e-01 -8.404200e-02]
 [-1.290500e-02  1.945224e+00 -1.556100e-02]
 [-2.011656e+00  3.576950e-01 -2.477590e-01]
 [-3.100330e-01 -2.151309e+00  8.956010e-01]
 [-5.246690e-01 -3.065546e+00  1.438963e+00]
 [ 2.283271e+00  1.646201e+00 -7.856000e-03]
 [ 1.190636e+00  2.562938e+00  1.660000e-04]
 [-1.204421e+00  2.575457e+00 -1.089450e-01]
 [-2.312851e+00  1.684971e+00 -2.146210e-01]
 [ 3.002560e+00 -6.421380e-01  7.393000e-03]
 [ 3.489575e+00 -1.245731e+00 -1.159230e+00]
 [ 4.468976e+00 -2.227588e+00 -1.050763e+00]
 [ 4.852594e+00 -2.691917e+00 -1.951598e+00]
 [ 4.959406e+00 -2.609551e+00  1.881090e-01]
 [ 5.723225e+00 -3.372969e+00  2.584470e-01]
 [ 4.465738e+00 -2.011031e+00  1.337418e+00]
 [ 3.485250e+00 -1.027326e+00  1.266788e+00]
 [-2.973204e+00 -6.599430e-01 -1.848840e-01]
 [-2.913128e+00 -1.672627e+00 -1.163089e+00]
 [-3.791144e+00 -2.745916e+00 -1.094906e+00]
 [-4.720187e+00 -2.841193e+00 -7.001700e-02]
 [-5.402860e+00 -3.679403e+00 -2.698300e-02]
 [-4.750632e+00 -1.862946e+00  9.107130e-01]
 [-5.448015e+00 -1.950511e+00  1.735977e+00]
 [-3.885041e+00 -7.736780e-01  8.817050e-01]
 [-3.746562e+00 -3.513262e+00 -1.858863e+00]
 [ 4.842651e+00 -2.310917e+00  2.308168e+00]
 [ 2.954912e+00 -8.238590e-01 -2.498855e+00]
 [ 3.496193e+00 -1.316889e+00 -3.304951e+00]
 [ 1.894421e+00 -1.072043e+00 -2.599526e+00]
 [ 3.029825e+00  2.565170e-01 -2.632511e+00]
 [ 2.929266e+00 -3.942750e-01  2.511227e+00]
 [ 3.085324e+00  6.860680e-01  2.521153e+00]
 [ 1.848323e+00 -5.424820e-01  2.576224e+00]
 [ 3.391657e+00 -8.189710e-01  3.400871e+00]
 [-1.892017e+00 -1.593191e+00 -2.264353e+00]
 [-8.732730e-01 -1.797614e+00 -1.898256e+00]
 [-2.091237e+00 -2.339994e+00 -3.031809e+00]
 [-1.870361e+00 -6.049720e-01 -2.723299e+00]
 [-3.888137e+00  2.120700e-01  2.017333e+00]
 [-4.259719e+00 -2.627950e-01  2.924772e+00]
 [-2.884472e+00  5.960370e-01  2.205583e+00]
 [-4.527969e+00  1.071927e+00  1.811267e+00]
 [ 3.711024e+00  2.090134e+00  2.798000e-03]
 [ 3.785319e+00  3.173931e+00  2.708500e-02]
 [ 4.253932e+00  1.691583e+00  8.641550e-01]
 [ 4.236516e+00  1.729342e+00 -8.866160e-01]
 [-3.691861e+00  2.227506e+00 -4.273120e-01]
 [-4.016116e+00  2.845693e+00  4.140930e-01]
 [-3.711206e+00  2.864902e+00 -1.316069e+00]
 [-4.418363e+00  1.429306e+00 -5.677950e-01]
 [ 1.211930e+00  3.977653e+00 -1.277500e-02]
 [-1.222716e+00  3.986542e+00 -1.286530e-01]
 [ 2.140294e+00  4.527863e+00  1.020700e-02]
 [-2.153128e+00  4.532250e+00 -1.891040e-01]
 [-1.618000e-03  4.650368e+00 -6.932000e-02]
 [ 4.890000e-03  5.733702e+00 -7.969400e-02]]"
3,M06-L,1,\textbf{A},"[[ 0.000000e+00 -1.816800e-02 -2.600000e-05]
 [-1.905731e+00 -3.530560e-01 -1.000000e-05]
 [ 1.000000e-06 -1.903180e+00  9.000000e-06]
 [ 1.905732e+00 -3.530560e-01 -7.000000e-06]
 [ 1.000000e-06  1.787059e+00 -7.700000e-05]
 [-2.000000e-06  2.910998e+00 -9.300000e-05]
 [-2.288310e+00 -1.637070e+00 -6.300000e-05]
 [-1.197121e+00 -2.558037e+00 -3.200000e-05]
 [ 1.197122e+00 -2.558037e+00  8.500000e-05]
 [ 2.288311e+00 -1.637070e+00  1.060000e-04]
 [-2.886132e+00  6.723470e-01  2.210000e-04]
 [-3.325302e+00  1.197554e+00 -1.220220e+00]
 [-4.243447e+00  2.241357e+00 -1.197635e+00]
 [-4.588552e+00  2.655876e+00 -2.137522e+00]
 [-4.706963e+00  2.757684e+00  7.370000e-04]
 [-5.419468e+00  3.572120e+00  9.410000e-04]
 [-4.243610e+00  2.240617e+00  1.198852e+00]
 [-3.325468e+00  1.196798e+00  1.220920e+00]
 [ 2.886132e+00  6.723470e-01 -2.540000e-04]
 [ 3.325405e+00  1.196860e+00 -1.220951e+00]
 [ 4.243544e+00  2.240682e+00 -1.198874e+00]
 [ 4.706961e+00  2.757686e+00 -7.580000e-04]
 [ 5.419466e+00  3.572122e+00 -9.560000e-04]
 [ 4.243510e+00  2.241294e+00  1.197612e+00]
 [ 4.588673e+00  2.655756e+00  2.137504e+00]
 [ 3.325364e+00  1.197493e+00  1.220190e+00]
 [ 4.588721e+00  2.654676e+00 -2.138967e+00]
 [-4.588845e+00  2.654554e+00  2.138948e+00]
 [-2.781482e+00  6.633810e-01 -2.505036e+00]
 [-3.203089e+00  1.185826e+00 -3.360843e+00]
 [-1.693938e+00  7.712370e-01 -2.544543e+00]
 [-2.982868e+00 -4.021870e-01 -2.628895e+00]
 [-2.781770e+00  6.618970e-01  2.505485e+00]
 [-2.982945e+00 -4.037900e-01  2.628641e+00]
 [-1.694255e+00  7.699660e-01  2.545245e+00]
 [-3.203626e+00  1.183710e+00  3.361555e+00]
 [ 2.781610e+00  6.620610e-01 -2.505518e+00]
 [ 1.694094e+00  7.701480e-01 -2.545194e+00]
 [ 3.203412e+00  1.183936e+00 -3.361578e+00]
 [ 2.982761e+00 -4.036170e-01 -2.628774e+00]
 [ 2.781642e+00  6.632170e-01  2.505003e+00]
 [ 3.203303e+00  1.185601e+00  3.360821e+00]
 [ 1.694100e+00  7.710530e-01  2.544594e+00]
 [ 2.983055e+00 -4.023590e-01  2.628761e+00]
 [-3.716783e+00 -2.046743e+00  1.450000e-04]
 [-3.820272e+00 -3.128365e+00 -2.600000e-03]
 [-4.245723e+00 -1.660844e+00  8.745120e-01]
 [-4.247242e+00 -1.656129e+00 -8.711600e-01]
 [ 3.716784e+00 -2.046743e+00  1.000000e-05]
 [ 4.247179e+00 -1.656095e+00  8.713400e-01]
 [ 3.820272e+00 -3.128364e+00  2.805000e-03]
 [ 4.245789e+00 -1.660878e+00 -8.743310e-01]
 [-1.209548e+00 -3.949814e+00  2.000000e-06]
 [ 1.209549e+00 -3.949814e+00  1.210000e-04]
 [-2.147242e+00 -4.487961e+00  2.000000e-06]
 [ 2.147243e+00 -4.487961e+00  1.580000e-04]
 [ 0.000000e+00 -4.636433e+00  7.600000e-05]
 [ 0.000000e+00 -5.718098e+00  1.050000e-04]]"
4,M06-L,3,\textbf{A},"[[-3.400000e-05  2.231900e-02  2.410000e-04]
 [ 1.907328e+00  3.625880e-01  2.684000e-03]
 [ 4.000000e-06  1.891890e+00  1.910000e-04]
 [-1.907303e+00  3.626120e-01 -2.062000e-03]
 [-5.000000e-06 -1.789275e+00  3.000000e-05]
 [-1.400000e-04 -2.911223e+00 -1.530000e-04]
 [ 2.289904e+00  1.641764e+00 -4.980000e-04]
 [ 1.198098e+00  2.556878e+00 -3.280000e-04]
 [-1.198084e+00  2.556898e+00  7.210000e-04]
 [-2.289906e+00  1.641795e+00  8.520000e-04]
 [ 2.880727e+00 -6.683930e-01 -5.800000e-04]
 [ 3.306166e+00 -1.198975e+00 -1.223414e+00]
 [ 4.213571e+00 -2.252120e+00 -1.204901e+00]
 [ 4.548790e+00 -2.671678e+00 -2.146131e+00]
 [ 4.678239e+00 -2.771871e+00 -8.242000e-03]
 [ 5.382166e+00 -3.593716e+00 -1.118300e-02]
 [ 4.226134e+00 -2.249930e+00  1.192241e+00]
 [ 3.318851e+00 -1.196764e+00  1.218588e+00]
 [-2.880728e+00 -6.683790e-01  5.950000e-04]
 [-3.319004e+00 -1.195926e+00 -1.218908e+00]
 [-4.226270e+00 -2.249101e+00 -1.193143e+00]
 [-4.678221e+00 -2.771865e+00  7.055000e-03]
 [-5.382134e+00 -3.593723e+00  9.500000e-03]
 [-4.213410e+00 -2.252933e+00  1.203997e+00]
 [-4.548505e+00 -2.673102e+00  2.144996e+00]
 [-3.305998e+00 -1.199784e+00  1.223097e+00]
 [-4.571447e+00 -2.666403e+00 -2.131777e+00]
 [ 4.571209e+00 -2.667817e+00  2.130649e+00]
 [ 2.757424e+00 -6.584260e-01 -2.503353e+00]
 [ 3.140410e+00 -1.205774e+00 -3.361717e+00]
 [ 1.665120e+00 -7.214450e-01 -2.517924e+00]
 [ 2.997983e+00  3.971410e-01 -2.643256e+00]
 [ 2.783460e+00 -6.546350e-01  2.503485e+00]
 [ 3.023287e+00  4.016970e-01  2.638597e+00]
 [ 1.691727e+00 -7.201880e-01  2.530469e+00]
 [ 3.177480e+00 -1.199379e+00  3.358504e+00]
 [-2.783588e+00 -6.531130e-01 -2.503504e+00]
 [-1.691842e+00 -7.185330e-01 -2.530408e+00]
 [-3.177469e+00 -1.197514e+00 -3.358806e+00]
 [-3.023511e+00  4.032470e-01 -2.638209e+00]
 [-2.757225e+00 -6.599690e-01  2.503338e+00]
 [-3.140575e+00 -1.207472e+00  3.361439e+00]
 [-1.664949e+00 -7.234520e-01  2.518088e+00]
 [-2.997373e+00  3.956520e-01  2.643522e+00]
 [ 3.718403e+00  2.051059e+00 -4.148000e-03]
 [ 3.822623e+00  3.132536e+00 -9.163000e-03]
 [ 4.248752e+00  1.666053e+00  8.696920e-01]
 [ 4.246170e+00  1.658122e+00 -8.759930e-01]
 [-3.718396e+00  2.051100e+00  4.866000e-03]
 [-4.245578e+00  1.659089e+00  8.774990e-01]
 [-3.822597e+00  3.132585e+00  8.836000e-03]
 [-4.249361e+00  1.665198e+00 -8.681880e-01]
 [ 1.207972e+00  3.946622e+00 -4.550000e-04]
 [-1.207938e+00  3.946635e+00  7.520000e-04]
 [ 2.146814e+00  4.483402e+00 -7.970000e-04]
 [-2.146769e+00  4.483434e+00  1.163000e-03]
 [ 2.600000e-05  4.637267e+00  1.270000e-04]
 [ 3.100000e-05  5.718597e+00  7.000000e-05]]"
5,M06-L,3,\textbf{C},"[[ 2.593800e-02 -1.242440e-01  2.207560e-01]
 [ 1.973228e+00  3.088220e-01 -1.442700e-02]
 [-1.671600e-02  1.853328e+00  1.299970e-01]
 [-1.992347e+00  3.231190e-01 -2.345600e-01]
 [-3.721890e-01 -1.341740e+00  1.592669e+00]
 [-6.135220e-01 -2.096459e+00  2.389196e+00]
 [ 2.299083e+00  1.606551e+00  2.720800e-02]
 [ 1.187558e+00  2.500129e+00  2.883700e-02]
 [-1.182181e+00  2.498672e+00 -1.325150e-01]
 [-2.305564e+00  1.603475e+00 -2.497140e-01]
 [ 2.983852e+00 -6.789080e-01 -6.062800e-02]
 [ 3.337829e+00 -1.224579e+00 -1.303321e+00]
 [ 4.289716e+00 -2.236981e+00 -1.337866e+00]
 [ 4.568003e+00 -2.661459e+00 -2.295510e+00]
 [ 4.876954e+00 -2.704327e+00 -1.740940e-01]
 [ 5.613873e+00 -3.495628e+00 -2.171470e-01]
 [ 4.512140e+00 -2.160264e+00  1.046097e+00]
 [ 3.565466e+00 -1.145252e+00  1.128131e+00]
 [-2.953560e+00 -7.036630e-01 -2.714740e-01]
 [-2.842526e+00 -1.649943e+00 -1.305590e+00]
 [-3.738782e+00 -2.707350e+00 -1.346674e+00]
 [-4.707996e+00 -2.858031e+00 -3.671540e-01]
 [-5.396745e+00 -3.691536e+00 -4.066200e-01]
 [-4.767597e+00 -1.955630e+00  6.786100e-01]
 [-5.493034e+00 -2.094903e+00  1.471692e+00]
 [-3.898041e+00 -8.709160e-01  7.546130e-01]
 [-3.663447e+00 -3.427078e+00 -2.153171e+00]
 [ 4.963037e+00 -2.528256e+00  1.960349e+00]
 [ 2.698237e+00 -7.159240e-01 -2.554511e+00]
 [ 3.019867e+00 -1.286877e+00 -3.422929e+00]
 [ 1.608228e+00 -7.643450e-01 -2.495451e+00]
 [ 2.937149e+00  3.336210e-01 -2.736837e+00]
 [ 3.164328e+00 -5.661200e-01  2.445654e+00]
 [ 3.460660e+00  4.805730e-01  2.540835e+00]
 [ 2.081412e+00 -5.839790e-01  2.576349e+00]
 [ 3.618244e+00 -1.112508e+00  3.269401e+00]
 [-1.748034e+00 -1.524001e+00 -2.313805e+00]
 [-7.629000e-01 -1.643280e+00 -1.842705e+00]
 [-1.827082e+00 -2.288136e+00 -3.084257e+00]
 [-1.732765e+00 -5.464890e-01 -2.796459e+00]
 [-3.947956e+00  4.312000e-02  1.937361e+00]
 [-4.281348e+00 -4.955870e-01  2.822455e+00]
 [-2.973693e+00  4.795090e-01  2.156126e+00]
 [-4.645217e+00  8.708220e-01  1.791822e+00]
 [ 3.715352e+00  2.064167e+00  1.539000e-03]
 [ 3.791915e+00  3.145483e+00  7.005900e-02]
 [ 4.291743e+00  1.636983e+00  8.244160e-01]
 [ 4.219680e+00  1.749310e+00 -9.152400e-01]
 [-3.682475e+00  2.137345e+00 -4.480150e-01]
 [-4.042412e+00  2.663536e+00  4.380690e-01]
 [-3.695981e+00  2.859012e+00 -1.265485e+00]
 [-4.389986e+00  1.346354e+00 -6.826540e-01]
 [ 1.201933e+00  3.885399e+00 -1.351170e-01]
 [-1.200490e+00  3.874198e+00 -3.158410e-01]
 [ 2.142158e+00  4.418869e+00 -1.716170e-01]
 [-2.132904e+00  4.391517e+00 -4.965860e-01]
 [ 6.641000e-03  4.572177e+00 -2.821560e-01]
 [ 1.464200e-02  5.645257e+00 -4.161530e-01]]"
6,MN15,1,\textbf{A},"[[ 0.000000e+00 -5.516400e-02 -1.200000e-05]
 [-1.872094e+00 -3.358950e-01  6.000000e-06]
 [ 0.000000e+00 -1.922137e+00 -1.100000e-05]
 [ 1.872094e+00 -3.358950e-01 -1.800000e-05]
 [ 0.000000e+00  1.803568e+00 -1.000000e-05]
 [-0.000000e+00  2.908346e+00 -1.200000e-05]
 [-2.275302e+00 -1.628298e+00 -7.000000e-06]
 [-1.199808e+00 -2.562094e+00 -5.000000e-06]
 [ 1.199808e+00 -2.562094e+00 -1.000000e-05]
 [ 2.275302e+00 -1.628298e+00 -4.000000e-06]
 [-2.852802e+00  6.903140e-01  2.150000e-04]
 [-3.302906e+00  1.206557e+00 -1.218682e+00]
 [-4.234706e+00  2.240335e+00 -1.200907e+00]
 [-4.589174e+00  2.646070e+00 -2.142037e+00]
 [-4.704005e+00  2.753429e+00  6.380000e-04]
 [-5.428025e+00  3.558471e+00  8.040000e-04]
 [-4.234565e+00  2.239968e+00  1.201970e+00]
 [-3.302761e+00  1.206185e+00  1.219324e+00]
 [ 2.852802e+00  6.903140e-01 -2.100000e-04]
 [ 3.302789e+00  1.206179e+00 -1.219311e+00]
 [ 4.234593e+00  2.239961e+00 -1.201942e+00]
 [ 4.704005e+00  2.753429e+00 -6.010000e-04]
 [ 5.428025e+00  3.558471e+00 -7.540000e-04]
 [ 4.234678e+00  2.240341e+00  1.200935e+00]
 [ 4.589122e+00  2.646083e+00  2.142072e+00]
 [ 3.302877e+00  1.206564e+00  1.218695e+00]
 [ 4.588962e+00  2.645414e+00 -2.143231e+00]
 [-4.588911e+00  2.645427e+00  2.143266e+00]
 [-2.757788e+00  6.573810e-01 -2.504473e+00]
 [-3.209296e+00  1.154079e+00 -3.362774e+00]
 [-1.672525e+00  7.944780e-01 -2.553916e+00]
 [-2.935178e+00 -4.176090e-01 -2.590149e+00]
 [-2.757423e+00  6.566990e-01  2.504891e+00]
 [-2.934717e+00 -4.183240e-01  2.590327e+00]
 [-1.672161e+00  7.938650e-01  2.554206e+00]
 [-3.208835e+00  1.153146e+00  3.363388e+00]
 [ 2.757483e+00  6.566830e-01 -2.504888e+00]
 [ 1.672223e+00  7.938450e-01 -2.554230e+00]
 [ 3.208915e+00  1.153126e+00 -3.363377e+00]
 [ 2.934784e+00 -4.183400e-01 -2.590313e+00]
 [ 2.757727e+00  6.573970e-01  2.504476e+00]
 [ 3.209216e+00  1.154099e+00  3.362785e+00]
 [ 1.672464e+00  7.944980e-01  2.553892e+00]
 [ 2.935112e+00 -4.175930e-01  2.590163e+00]
 [-3.718378e+00 -2.001853e+00  3.900000e-05]
 [-3.842731e+00 -3.083102e+00 -7.520000e-04]
 [-4.232698e+00 -1.596702e+00  8.771600e-01]
 [-4.233046e+00 -1.595357e+00 -8.762440e-01]
 [ 3.718378e+00 -2.001853e+00 -3.800000e-05]
 [ 4.233037e+00 -1.595364e+00  8.762530e-01]
 [ 3.842731e+00 -3.083102e+00  7.460000e-04]
 [ 4.232707e+00 -1.596695e+00 -8.771510e-01]
 [-1.215879e+00 -3.964774e+00  0.000000e+00]
 [ 1.215880e+00 -3.964774e+00 -1.200000e-05]
 [-2.150855e+00 -4.507306e+00  2.400000e-05]
 [ 2.150855e+00 -4.507306e+00 -3.400000e-05]
 [ 0.000000e+00 -4.641286e+00 -6.000000e-06]
 [ 0.000000e+00 -5.724402e+00 -4.000000e-06]]"
7,MN15,3,\textbf{A},"[[ 3.600000e-05  2.212500e-02 -7.900000e-05]
 [ 1.910336e+00  3.564410e-01  6.616000e-03]
 [ 4.100000e-05  1.880542e+00  3.600000e-05]
 [-1.910260e+00  3.564370e-01 -6.793000e-03]
 [-1.220000e-04 -1.806742e+00  9.400000e-05]
 [-2.280000e-04 -2.916179e+00  1.660000e-04]
 [ 2.291334e+00  1.620621e+00  3.926500e-02]
 [ 1.192929e+00  2.546284e+00  2.353800e-02]
 [-1.192851e+00  2.546276e+00 -2.337500e-02]
 [-2.291248e+00  1.620647e+00 -3.918600e-02]
 [ 2.889148e+00 -6.719120e-01  1.614600e-02]
 [ 3.398411e+00 -1.141851e+00 -1.196931e+00]
 [ 4.320655e+00 -2.183763e+00 -1.166253e+00]
 [ 4.721333e+00 -2.558295e+00 -2.101751e+00]
 [ 4.717773e+00 -2.748262e+00  3.829000e-02]
 [ 5.433626e+00 -3.560459e+00  4.659200e-02]
 [ 4.181833e+00 -2.281464e+00  1.230915e+00]
 [ 3.257702e+00 -1.241217e+00  1.237659e+00]
 [-2.889091e+00 -6.718790e-01 -1.625600e-02]
 [-3.257902e+00 -1.241004e+00 -1.237773e+00]
 [-4.182147e+00 -2.281153e+00 -1.231021e+00]
 [-4.717939e+00 -2.748052e+00 -3.837600e-02]
 [-5.433874e+00 -3.560178e+00 -4.665300e-02]
 [-4.320541e+00 -2.183766e+00  1.166181e+00]
 [-4.721054e+00 -2.558435e+00  2.101695e+00]
 [-3.398187e+00 -1.141959e+00  1.196848e+00]
 [-4.475124e+00 -2.730488e+00 -2.173434e+00]
 [ 4.474606e+00 -2.730975e+00  2.173307e+00]
 [ 2.918384e+00 -5.446690e-01 -2.487029e+00]
 [ 3.354494e+00 -1.062093e+00 -3.340933e+00]
 [ 1.827784e+00 -6.076490e-01 -2.552569e+00]
 [ 3.170422e+00  5.164940e-01 -2.561991e+00]
 [ 2.633673e+00 -7.398600e-01  2.506739e+00]
 [ 2.852794e+00  3.182130e-01  2.673302e+00]
 [ 1.542522e+00 -8.244310e-01  2.457182e+00]
 [ 2.989819e+00 -1.306271e+00  3.366611e+00]
 [-2.634153e+00 -7.394350e-01 -2.506906e+00]
 [-1.542981e+00 -8.238690e-01 -2.457562e+00]
 [-2.990392e+00 -1.305779e+00 -3.366784e+00]
 [-2.853437e+00  3.186360e-01 -2.673287e+00]
 [-2.917865e+00 -5.450250e-01  2.486957e+00]
 [-3.352641e+00 -1.063569e+00  3.340864e+00]
 [-1.827139e+00 -6.066400e-01  2.551564e+00]
 [-3.171255e+00  5.157550e-01  2.562873e+00]
 [ 3.728657e+00  2.022623e+00  9.625300e-02]
 [ 3.838366e+00  3.104382e+00  1.291680e-01]
 [ 4.211296e+00  1.596531e+00  9.802230e-01]
 [ 4.275137e+00  1.643247e+00 -7.712860e-01]
 [-3.728577e+00  2.022668e+00 -9.600100e-02]
 [-4.274789e+00  1.644129e+00  7.720740e-01]
 [-3.838242e+00  3.104404e+00 -1.298450e-01]
 [-4.211540e+00  1.595799e+00 -9.794140e-01]
 [ 1.209863e+00  3.933404e+00  2.681000e-02]
 [-1.209763e+00  3.933424e+00 -2.653200e-02]
 [ 2.148956e+00  4.470643e+00  4.841600e-02]
 [-2.148866e+00  4.470650e+00 -4.808200e-02]
 [ 3.700000e-05  4.629401e+00  1.600000e-04]
 [ 5.400000e-05  5.711046e+00  1.910000e-04]]"
8,MN15,3,\textbf{C},"[[-1.326300e-02  5.887000e-02 -2.800000e-04]
 [ 1.905070e+00  3.368110e-01 -4.260000e-04]
 [-1.114100e-02  1.893144e+00 -1.030000e-04]
 [-1.880927e+00  3.448740e-01 -1.600000e-05]
 [-6.978700e-02 -1.819264e+00 -5.260000e-04]
 [-1.147940e-01 -2.921239e+00 -7.020000e-04]
 [ 2.280773e+00  1.630400e+00 -2.470000e-04]
 [ 1.191120e+00  2.545368e+00 -1.280000e-04]
 [-1.221887e+00  2.550844e+00  6.100000e-05]
 [-2.294903e+00  1.642477e+00  1.270000e-04]
 [ 2.888934e+00 -6.849210e-01 -5.500000e-05]
 [ 3.340513e+00 -1.200571e+00 -1.219204e+00]
 [ 4.278064e+00 -2.229122e+00 -1.201078e+00]
 [ 4.634773e+00 -2.633390e+00 -2.141955e+00]
 [ 4.750242e+00 -2.738985e+00  7.270000e-04]
 [ 5.478967e+00 -3.539757e+00  1.033000e-03]
 [ 4.277415e+00 -2.228797e+00  1.202136e+00]
 [ 3.339854e+00 -1.200239e+00  1.219477e+00]
 [-2.855552e+00 -6.864280e-01  1.800000e-05]
 [-3.305373e+00 -1.203997e+00 -1.218828e+00]
 [-4.229609e+00 -2.244654e+00 -1.201380e+00]
 [-4.693832e+00 -2.762606e+00  9.600000e-05]
 [-5.412110e+00 -3.572854e+00  1.230000e-04]
 [-4.229266e+00 -2.244872e+00  1.201534e+00]
 [-4.582795e+00 -2.651315e+00  2.142760e+00]
 [-3.305023e+00 -1.204223e+00  1.218900e+00]
 [-4.583402e+00 -2.650933e+00 -2.142577e+00]
 [ 4.633616e+00 -2.632808e+00  2.143316e+00]
 [ 2.791271e+00 -6.555860e-01 -2.505126e+00]
 [ 3.233856e+00 -1.160951e+00 -3.362936e+00]
 [ 1.704576e+00 -7.840740e-01 -2.547276e+00]
 [ 2.975522e+00  4.174980e-01 -2.600066e+00]
 [ 2.789845e+00 -6.549910e-01  2.504963e+00]
 [ 2.973608e+00  4.181970e-01  2.599611e+00]
 [ 1.703177e+00 -7.839220e-01  2.546693e+00]
 [ 3.232241e+00 -1.159884e+00  3.363148e+00]
 [-2.769579e+00 -6.469380e-01 -2.505136e+00]
 [-1.684775e+00 -7.833990e-01 -2.563719e+00]
 [-3.228437e+00 -1.137281e+00 -3.363290e+00]
 [-2.946133e+00  4.288700e-01 -2.580039e+00]
 [-2.768865e+00 -6.473730e-01  2.505148e+00]
 [-3.227348e+00 -1.137977e+00  3.363352e+00]
 [-1.684017e+00 -7.836810e-01  2.563314e+00]
 [-2.945565e+00  4.283920e-01  2.580349e+00]
 [ 3.718271e+00  2.022182e+00 -1.900000e-05]
 [ 3.834850e+00  3.103585e+00 -5.790000e-04]
 [ 4.232125e+00  1.615935e+00  8.765550e-01]
 [ 4.232656e+00  1.614944e+00 -8.758110e-01]
 [-3.741130e+00  2.004928e+00  3.630000e-04]
 [-4.255571e+00  1.599221e+00  8.774810e-01]
 [-3.869663e+00  3.086184e+00  5.600000e-04]
 [-4.255812e+00  1.599520e+00 -8.767550e-01]
 [ 1.212155e+00  3.936280e+00 -1.500000e-05]
 [-1.215783e+00  3.948162e+00  1.810000e-04]
 [ 2.151157e+00  4.472847e+00 -3.200000e-05]
 [-2.149773e+00  4.494770e+00  2.890000e-04]
 [-2.841000e-03  4.628723e+00  1.380000e-04]
 [ 1.277000e-03  5.710990e+00  2.450000e-04]]"
